,id,document,label
0,9976970,더빙 진짜 짜증 나 목소리,0
1,3819312,흠 포스터 보 초딩 영화 줄 오버 연기 가볍 않,1
2,10265843,너무 그래서 보 것 추천 하,0
3,9045019,교도소 이야기 솔직히 재미 없 평점 조정,0
4,6483659,사이몬 익살 스럽 연기 돋보이 영화 스파이더맨 늙 보이 하 커스틴 던스트 너무나,1
5,5403919,막 걸음마 떼 세 초등학교 학년 살 용 영화 별반 개 아깝,0
6,7797314,원작 긴장감 제대로 살리 내 못하,0
7,9443947,반개 아깝 욕 나오 다 응 경 길용우 연기 생활 년 정말 발 하 납치 감금 반복 반복 드라마 가족 없 연기 못하 사람 모이,0
8,7156791,액션 없 재미 있 안 되 영화,1
9,5912145,왜 하 평점 낮 걸 꽤 보 만 하 데 헐리우드 식 하 너무 길들이 지 있,1
10,9008700,인피니트 짱 다 진짜 짱,1
11,10217543,보 때 눈물 나서 죽 90년대 향수 자극 허진호 감성 절 멜로 달인 이다,1
12,5957425,울 손 들 횡단보도 건너 때 뛰쳐나오 뻔 범수 연기 드럽 못하,0
13,8628627,하 하 좋 신문 기사 보다 보 자꾸 잊어버리 다 사람 것,1
14,9864035,취향 존중 하 다 진짜 생 극장 보 영화 중 가장 노 재 노 감동 임 스토리 어거지 감동 어거지,0
15,6852435,냥 매번 긴장 되,1
16,9143163,참 사람 웃기 게 바스코 이기 락스 코 까 바비 이기 아이돌 깔 다 그냥 까 싶 안 달 나 것 보이,1
17,4891476,굿바이 레닌 표절 것 이해 하 왜 뒤 갈수록 재미 없 지,0
18,7465483,이건 정말 깨알 캐스팅 하 않 하 내용 구성 잘 버 러 진 깨알 드,1
19,3989148,약탈 자 위하 변명 착 놈 절대 걸,1
20,4581211,나름 하 뜻 있 듯 그냥 학생 선생 놀아나 영화 절대,1
21,2718894,보 웃 지 않 건 하,1
22,9705777,재미없 하 같 음식 영화 만찬 하 넘 차 만찬 이야기 있 음식 보 재미 있 이건 보 게 없 음식 별로 안 나오 핀란드 풍경 구경 하 데 별로 안 나오,0
23,471131,절대 하 영화 수작 걸 말씀 드리,1
24,8480268,주제 좋 중반 하,0
25,4254115,다 짜르 끄 그래서 납득 하 수 없 거 그렇 끄 꼭 그렇 걸 끄,0
26,7295746,고추 털 버리 하 텐 데,1
27,5457633,카 밀 라벨 발 연기,0
28,6091784,,1
29,8322926,센스 있 연출력 하 캐스팅 90년대 향 수 그래서 점,1
30,6331922,엄 포스 위력 다시 번 깨닫 하 주 적 남 꽃 검사 연기 정말 좋 완전 명품 드라마,1
31,9005897,졸 쓰레기 하 말 아시 간 아깝,0
32,164908,재밌 별점 왜 이리 낮,1
33,9671124,라도 기대 하 죄인 죄인,0
34,5712231,아직 드라마 인생 최고,1
35,4726746,패션 대하 열정 안나 윈 투어,1
36,7203432,키 이틀 리가 연기 하 하 건 대체 정신 장애 틱 장애,0
37,112724,허허 원 작가 정신 나가 유령 재미있,1
38,1105872,포스터 있 보이 관객 명,0
39,4805788,영화 왜 이렇 평가 받 지 모르,1
40,9336496,하 하 매력 영화,1
41,9994900,다 알바 가 내용 없 무섭 거도 없 웃기 거도 없 완전 싱겁 영화 시간 넘 아깝 완전 낚이,0
42,6760577,오 두 서리 하 굶주리,1
43,3440864,정말 맘 들 그래서 또 보 싶 또 보 방법 없,1
44,8548510,윤제문 멋지 배우 발견 하 되 하 일탈 하 미소 머금 게 하 음악 조금 아쉽 점 주 싶 평점 올리 싶 점 주,1
45,7719892,평점 속 마시기 시간 낭비 돈 낭비,0
46,9440670,리얼리티 뛰어나 길 하 크 공감 안 가 다 이민기 캐릭터 정신의학 분노 조절 장애 초기 증상 거 툭하면 사람 패 욕 하 물건 파손 하 조금 오바 극 초반 하 가 갈수록 민 정신 상태 공감 불가,0
47,7991636,마이너스 왜 없 보 영화 수준 딱 알 하 북한 거 만들 돈 대 주,0
48,4679407,나 영화 사랑합니다,0
49,9837767,데 리스 타르 가르 용의 주인 되 싶 누이 근친상간 하 다니 소설 속 제일 멋지 놈 자 메 라 니스 터 드라마 속 드래곤 용 제일 멋 지 웃음 감독 토르 다크 월드 말 잡수 기본 선방 하,1
50,9063648,영화 사람 영혼 어 만지 주 수 있 거치 세상사 잠시 잊 동화 같 영화 행복 하,1
51,8272095,르 게이 작은 고추 맵 맛 보이 주 저그 콩 진호 간다,0
52,2345905,이렇 가슴 시리 보 드라마 또 있 감동 자체,1
53,7865630,나 또 꼬마 애가 원하 깊 하 그냥 혼자 대 걸 어쩌라고,0
54,7207064,재미있,1
55,5719655,좋,1
56,1651126,최고,0
57,7246040,너무 충격 기분 완전히 푹 꺼지 하 느낌 활력 없 너무나 무겁 하 차갑 자비 하 그저 일본인 상상력 정말 하 거 같 생각 들,1
58,717775,하 영화,0
59,8317483,백봉기 언제나 오,1
60,1031725,보 내내 그대로 들어맞 예측 카리스마 없 악역,0
61,3993146,불알 나오 당황 아무튼 영화 중간 끝나 느낌,0
62,2196616,하 속 녹 아든 하 일상 조금 하 게 흠,0
63,8203798,보 걸 계속 보 있 전개도 느리 주인공 은희 컷 나오 소극 모습 짜증 맨날 언제 끝나 기 대만 하 있 전개 좀 빨리빨리,0
64,2332588,사랑 하 싶 하 가슴 속 오 감정 헤집 놓 영화 예 정말 최고,1
65,10084753,많 사람 다 큐 보 우리나라 슬프 현대사 단면 대하 깊이 생각 하 사죄 하 바로 잡기 위하 노력 하 하 말 듣 보도 연맹 민간인 학살 정도 일 줄이 이건 하 살인 살인자 다 있,1
66,8518645,예전 작품 캐릭터 에피소드 재탕 삼탕 사골 우려먹 내용 산 가 시청률 아예 안 나오 회 중반 부작,0
67,7956793,김남길 점 연기력 초반 몰입 하 하 손예진,0
68,3996917,재밌 하 영화 안보 신 분 재미있 듯,1
69,8128006,노래 실력 뽑 게 맞 박시환 가면 진짜 망신,0
70,2192046,일본 영화 다 건 가 하,0
71,7250961,이틀 만 다 보 재밌 근데 차 안 물건 넣 조작 하 하 차 안 열리 있 집 안 활짝 열리 들어가 문자 조작 하 하 비번 안 걸리 있 건 억지 스럽 그래도 내용 자체 좋,1
72,5679106,졸 작,0
73,9179128,달팽이 빠르 더 재밌,1
74,9048450,어설프 전개 어이없 결말,0
75,8387244,부패 하 로마노프 왕조 기리 같 영화 온몸 항거 하 러시아 민중 그저 폭 돌,0
76,9803156,내용 전개 하 편이 잘 보,1
77,2135015,매우 실망,0
78,7884025,한국 영화 흥행 코드 가 등 갈등 속 갈등 화해 감동 평점 점 남발 흥행 뻔하,0
79,9801316,아햏햏 아햏햏 아햏햏,1
80,2009382,시작 하 3분 만 나오 리플릿 사진 보 불안 하,0
81,10112591,단연 최고 하 수 있,1
82,7280935,감독 먹 영화 만들 관객 말 하 모르 엉망 진창 개진 창,0
83,5971506,이건 우뢰 매,0
84,9875922,정말 쓰레기 영화,0
85,9850710,진정 하 영화 최고,1
86,1927486,루,0
87,5023820,내일 기대 되,1
88,1859380,근데 조미 막 문 위 좋아하 건 가요,1
89,1635552,진짜 골 까 눈 부라리 때 쓰러지,1
90,7852366,성룡 영화 중 최악 듯,0
91,9480003,골 때 리 걸스데이 혜리 잘 되,1
92,1797212,서기 이쁘,1
93,6374262,완전 재밌 백인 공주 귀여움,1
94,1607129,인상 영화,1
95,8763660,어 내 세 레 스티 완전 강 추 정말 재밌,1
96,9361974,재미있 영화,1
97,7928957,클라라 볼라 화신 보 거,0
98,10250221,진짜 보 너무 슬프 영화,1
99,6122458,설정 재밌 새롭 에피소드 메인 스토리 차차 나오 게 재밌,1
100,10044377,신카이 마코토 작화 미 유 카나 연기 잘 하 주 더 대박 이,1
101,6158844,재미없 진심 이 캐스팅 못하 듯,0
102,1723799,하 게 생각 보 만 하 영화 거 같,1
103,10273782,감독 고은님 쓰 영화 안 보,0
104,1666795,무섭 않 스토리,0
105,4866815,영화 속 억지 스럽 노골적 술 광고 좀 하 센스 있 하 어떻,0
106,7747745,킬링타임,0
107,8213218,크리스마스 하 떠오르 영화,1
108,8659712,재미있 보 매력 행복,1
109,1204710,음악 완전히 빠지 보 수 있 영화 쪼 하 하 데,1
110,3926204,태어나 처음 영화 중간 나오 불륜 로맨스 냐,0
111,2304429,왕 짜증 아주 전개 짬뽕 믹스 하 음향 무섭 하 하,0
112,9685228,솔직히 나 루 덜 시간 낭비 느낌,0
113,7115568,대박,1
114,6205383,시청률 기준 되 패널 가구 하 거지 명작 드라마 다 망치 다 하,1
115,85848,내용 상해,0
116,8741214,몬스터 주식회사 3D 재밌 보,1
117,7785809,내용 전개 너무나 느리,0
118,9757434,소재 흥미 끌 이야기 전개 하 몰입 안 되,0
119,9753792,절대 보 마라 쓰레기 영화,0
120,7520154,중국인 특유 과 장 허풍 있 보이 안 가 힘 쓰 노력 가 상 고증 현실감 떨어지 설정 스럽 도대체 왜 이렇 스스로 과 대포 장하 것,0
121,8902582,그냥 불법체류 자 때려잡 영화 좋 텐 데 우상 만들 미국 하 설정 이건,0
122,9578691,2년 삶 속 주인공 생애 전부 드러나 듯 하,1
123,7469033,별점 점 가자,1
124,3914806,별로 다,0
125,10212945,보 꽤 지나 후 남기 재미있,1
126,9893434,아니 이 왜 점 대 일,0
127,9615602,년 지나 다시 보 되 영화 다시 보 순수 하 사랑 감동 쇼 펜 연기 또한,1
128,10138538,올레 공짜 있 보 허 스토리 문제 연기자 전혀 배역 이랑 어울리 않 그리고 상대 배우 하 다 따로 놓 거 같 이건 연기자 문제 있 보 진심 완전 별로 임 라미란 아들 젤 볼 하,0
129,6139250,너무 욕심 많 영화 쪽 제대로 보이 주,0
130,6738759,빵점,0
131,10108387,베 말 아주 잘 쓰 놓,1
132,5678216,아주 모자라 지 않,0
133,8470143,영화 도둑들 뫼 하 같 나라 만들 지 게 믿 지,0
134,6565615,온몸 용기 가지,1
135,7838658,정말 재미있 교훈 영화,1
136,3526263,당시 상황 주제 주입식 긴장감 있 재밌 전하 작품,1
137,625839,케이블 그만 나오 주,0
138,6153764,다르 리 투 차 안 섞이 채 짬뽕 그릇 담기 있,0
139,9179457,여군 재 없 뭐 하 걸 재 없 다 재 없 질리 다 이제,0
140,3685947,좋,1
141,8747603,한석규 김혜수 연기 돋보이 영화 모르 많이 어설프 영화,0
142,9153275,솔직히 에볼라 바이러스 떠들 석 하 보 되 영화 작품 면 년 영화 보 믿 힘들 정도 정말 잘 만들 보 마지막 후반부 살짝 쉽 하지만 정도 수작 보 다 시간 아깝 않 영화,1
143,2850477,보 만해,0
144,8513072,재미있 허풍 떨 마 세,0
145,8546726,용가리 진짜 짱 짱 매 이다,0
146,8674440,영화 이제서야 보 감히 인생 최고 영화 중 하나로 꼽 수 있 만 하 작품 어떻 살 하 위하 고민 번 더 하 되 시간 그리고 모건 프리먼 나이 들 여전히 하,1
147,6842532,작가 별로 다 내용 진짜 별로 임 맨날 그냥 기대 하 재방송 하 혹시나 하 보 주 답 없 진짜,0
148,9106604,명작 명작 있 싶 보 또 보 여운 남 영화,1
149,10261336,진짜 조금 더 손 좀 보 왜 하 상업 영화 못 지 않 게 만들 지 수 있 아쉽 그래도 충분히 재미있 개인 조금 더 하 더 자극 노출 씨 화끈 하 하 어떻 하 국산 영화 많이 아끼 듯 보이,1
150,8518274,그만 좀 끌 끝내 지 겹 다 지겹,0
151,7348295,,0
152,5882876,역시 드니 연기 일품 맥스 샘 죽이 바 하,1
153,8472176,나름 괜찮 작품,1
154,4446905,너무 좋 영화,1
155,6252170,정말 실망 스럽,0
156,8777723,배우 지 안 뜨 영화 찍 껀 데 왜 안 뜨 지 진짜 모르 거 면상 딱 보 알 왜 지 자신 모르,0
157,8670820,어린이 좋아하 듯 어리 적 동심 멀리 떠나,0
158,3384269,무술 인 왜 총 들,0
159,7781028,점,1
160,9890330,크리스토퍼 왈츠 타란티노 조합,1
161,8660428,한국 에선 하 편 외국 상상 초월 하 하 영화,1
162,10212029,오랜만 영화 보,1
163,8575963,종 방 되 아쉽 오늘 막 방도 잘 보 방송 대본 꽤 완성 있 느낌 받 요즘 드라마 막장 지치 있 수 향 정말 바른 드라마 듯 하 악역 그리 심하 어이없 않 화이팅,1
164,7033414,평점 조절 위원회 나오 웃음 김혜선 내일이 오면 김 순정 순정 역할 제일 정도 잘 해내 줄 정말 의 외 연기 년 사람 요즘 사극 벌어지 있 대하 연기 논란 왠지 코미디 장면 같 웃음,0
165,10122280,영화 끝나 가 때 쯤 멍하 다 보 나 한마디 나오 거 같,1
166,8062501,공유 존 잘,1
167,2937929,하 영화 다 말 하 꺼 끌 성 소재 하 해설 하,1
168,4777325,소파 죽 치 앉 지키 보 이유 없 작품,0
169,7047706,로큰롤,1
170,7263316,주되 타겟 어린이 일반 논리 통하 않 건 알 하지만 게임 흥미 롭 않 요원 주인공 너무 능력 하 별로 재미없 배경 거슬리,0
171,9297500,뮤지컬 영화 사운드 녹음 엉망 남 주 춤 못 추 내용 뻔하 뻔 주인공 목소리 너무 안 어울리 뛰 나가 참 지 심 말리 싶 영국 예산 영화 뮤지컬 영화 맘마미아 110 안 되,0
172,3234156,어리 나이 보 꽤 좋아하 로맨틱 코미디,1
173,6245450,게이 물이 주 모르 보,0
174,5249559,알바 끄 절,0
175,8570013,영화 왜 받 보 그것이 알고 싶다 이 영화 배우 스텝 감독 꼭두각시,0
176,8880577,대 최악,0
177,6197121,정말 아름답 영화 이,1
178,9169160,자극 것 하 지 현대인 보 눈 떼 힘들 연출력,1
179,10066840,뻑 뻑 잘 읽 보 걸 당하,1
180,8681070,정말 짜증 극치 보이 주 영화 굉장히 느낌 하 못생기 남자 애 발 연기 시 종 일관 보 하 게 고 역 듯 흘러나오 하 클래식 풍 음악 조차 듣 싫 짜증 날 정도 상당히 싫 영화,0
181,6077668,감동 감동 정말 최고,1
182,6555618,별점 주 아깝 얼마나 내용 하 지 욕 밖 안 나오 보 재밌 하 사람 초딩 하 너무 화가 나서 것 보 게 없 보 마 세 그냥 티 비판 짜 집기 거 같,0
183,4989285,왜 하 짜증 안내 데,0
184,1711932,돼지 피 먹 닭목 따 장면 에선 역시 무당 하 게,0
185,1870395,버리,0
186,9829888,하 하 잠 오,0
187,8333987,판타지 점 가져가,0
188,8126489,윤종신 복귀 좋 하늘 도대체 왜 뽑히 알 수 없 참가자 실력 따지 전 심사 위원 인격 실력 쌓 오시 길 어 하 허 그만 좀 하,0
189,81637,광장 작품 옛날 것 보고 싶다,1
190,23929,생 최고 영화,1
191,6663588,어리 시절 너무 무섭 재미있 보 추억 판타지 영화 절대 나쁘 짓 금물 지옥 가요,1
192,5503928,기존 멜로 영화 형식 탈피 하 하 감정 절제 지나치 너무 하 영화,0
193,6344106,나 사랑비 서주 쏙 빠지 버리 초 만 쏙 나 절대 잊 않 후회 안 하 거,1
194,10149152,영화 보 교훈 주 남은 인생 하 살 말 안 나오,1
195,9295404,나름 추억 젖 들 좋 생각 없이 가볍 보 오 추천,1
196,9603725,하 싸이코 물 벗어나,1
197,9163009,이 년대 만들 지 건 가요 예전 만들 거 다시 개봉 하 건 가요 너무 허 접하,0
198,9418231,넘 사랑 스럽 영화 다 보 연잇 보 넘 귀여워,1
199,9687122,청춘 영화 만 주 수 있 감성 넘치 나 다 순간 지나가 다시 돌아오 않 테 순간 무한 하 젊음 주 수 있 감성,1
200,4038387,건담 시리즈 중 아직 최고봉,1
201,8913715,개코 요즘 갈수록 코너 달 재 웃음 안 나,0
202,7927383,사다코 한 서리 우물 펀치 감동,1
203,8508764,후세 사랑 하 되 결정 계기 시간 표현 되 않 생명 빼앗 하 이유 등 시 노 출현 하 연극 으 로 더 알리 주 하 생각 들 다 또한 시 노 얼마나 본능 시랑 하 노력 하 더 보이 주 좋 하,0
204,3403149,새벽 시간 하 일본 영화 전부 개 졸 작 다 일본 영화 원래 다 이렇,0
205,1119950,강수연 있 그리고 최정원 신음 신,0
206,6976560,정말 김혜성 너무 예쁘 이현진 도 웃 거 정말 하,1
207,4817061,가발 쓰 싶,0
208,1025241,하 여정 인상 깊 배두나 연기 정말 잘 하,1
209,2922082,10대 위하 성적 호기심 영화,0
210,5444748,감동 영화,1
211,9363921,이건 말 필요 없 그냥 닥치 보,1
212,2361255,기 사람 재밌 멋지 사랑 영화,1
213,2385954,역시 미국 드라마 파워 정말 알 수 없 하 사로잡 버리 최고,1
214,5686473,너무 너무 하,1
215,7227535,거 응답하라 은 지원 원도 스스로 욕 하 않,0
216,1508152,너무 웃기 배꼽 빠지 하 컴 영화 있,1
217,3943125,구성 상당히 부실 하 영화 역시 네이버 평점 믿 수 없,0
218,1922525,장 끌 로드 몰락 가져오 오우삼 헐리우드 작품 중 가장 재미 없 졸 작,0
219,9039778,언제 적 영웅 본색 연출 인지 현실 제로 영화,0
220,7805059,작 거 하나에 설레 하 학창 시절 그때 느낌 다시 느끼 보 수 있 시간 장면 대사 배경 음악 버리 게 없 드라마,1
221,9324383,진심 재미 없 너무 평점 높 화나,0
222,9150201,더럽 재미없 형태 오 닿 않 허무 하 완벽히 하 영화 영양가 없 영화,0
223,7473724,이승기 정말 연기 잘 하 조연 연기 정말 잘 하,1
224,7573034,현실 꿈 꿈 현실,1
225,4550192,오늘 현충일 특집 프로 보 되 년대 매우 하 작품,1
226,1347002,판의 미로 동급,0
227,6590993,제대 하 보 더 재밌,1
228,6580205,영화 보 것 마음 휴가 다녀오 느낌 하 하 하 않 그래서 다시 보 싶 영화 햇살 가득 하 이 부엌 요리 인상,1
229,9666256,코믹 하 건 좋 짜임새 너무 하,0
230,9967162,년 그때 당시 나라 판타지 로맨스 없 아직 신현준 황 장군 연기 음 괜찮 규 전성시대 열리 영화 때 한석규 뿅 가,1
231,5304583,일단 재생 하 괴물 같 서스펜스 귀신 같 흡입 력,1
232,8309459,하 진짜 댓글 보 번 쯤 보 만 하 영화인 거 같 보 기가 차 이 가 죽 직전 소원 들어주 보 죽 직전 막 살 인 거 같 감동 없 진짜 리스트 란 영화 발톱 때 만큼 도 못 따라가 쓰레기 영화 와 존 실망,0
233,8010423,시간 좀 밝 긍정 드라마 보 싶 보 보 오버 하 연기 거슬리 연기 게 너무 표 홍혜정 역 그나마 하 하 나머지 다 하 내 월요일 해피 한 것 보 싶,0
234,7712668,정치인 모순 가 정치범 모순 인가,0
235,5923805,어떻 상상 하,1
236,5613442,좀 어렵 하 전쟁 대하 묘사 잘 모르,0
237,4193028,일본 주년 극장판 만들 데 우리나라 에선 주년 개봉 하니 이건 좀,0
238,9103654,개그콘서트 보 전화 끊 개그콘서트 없애 주,0
239,9737474,한물 간 동서양 배우 싸움판,0
240,8711262,푸 하 하 하 거 기대 안 하 역시 구,0
241,4437265,세계 최초 반공 애니매이션 역사 가치 있,1
242,36087,감각 시각 바라보 색다르 느낌 사랑 문학,1
243,10114923,엄마 무고 하 지 딸 감옥살이 시키 시키 이해 안 되,0
244,3988502,영화 제발 책 보세 감독 미치 겁 니다 따위 만들 놓 화가 날 정도,0
245,512688,신나 흑인 음악 아이스 큐브 뿐 남 게 없,0
246,10010968,드럽 재미없 시간 돈 다 시간 어쩌 걸,0
247,3265565,그저 한마디 알리,1
248,8890254,진짜 하 느끼 수 있,1
249,9119967,재밌 평점 상하 싶 정도 낮,1
250,7435669,옥소리 프로필 사진 점 남기 가 완전 대박 이다 진짜 아우 짜증,0
251,7603466,드라마 너무,1
252,8055931,아 진짜 너무 좋 짱 짱,1
253,2182684,연기 굿,1
254,8154957,영화 다시 안 나오 그때 시절 잘 나타내 주 거 같,1
255,3545895,중간 정도 보 꽤 하,1
256,9414462,콩 까 맛 콩 까 맛,0
257,6291727,소설 재미없,0
258,3427286,액션 영화 범죄 느와르 영화 다 허나 범죄 느와르 영화 실패작,0
259,1207277,알 수 없 매력 빠지 들 영화,1
260,8670966,모녀 토막 살해 하 살인자 성애 말 되 감동 받 사람 본인 피해자 되 감동 받 하 수 있 진심 묻 싶,0
261,6871120,재밌 평점 왜 이렇 구리지,1
262,5124760,걸 보 눈 아깝 진짜 놓 진짜 기 명작,0
263,6931068,필름 값 아깝 재미 더럽 없 점 점 수준 것 매미,0
264,1618314,또 보 싶 보,1
265,4289323,영화 재미있 들,1
266,8381652,남주인공 연기력 안 습 혀 짧 소리 듣 너무 힘들 매니저 역활 분이 남 주인공 하 게 좋 생각 들 정도 영화 자체 적당히 보 하,0
267,8557261,점 딱 액션 스릴러 액션 스릴 없,0
268,3187395,완전 스토리 엉망 구 와 추,0
269,10274403,영화 전달 하 모르 오 글 거리,0
270,2523528,좋 영화,1
271,7041870,더빙 상하 할머니 월래 하,0
272,9268003,이 편 나오,0
273,917164,게 다 부족 하 아니,0
274,1595727,정말 말 그대로 쇼 하 영화,0
275,10079284,년 전 보 기 지 않 진개 카이 거 감독 이름 자 기억 하 두,1
276,9077483,정은지 언니 연기 잘 하 노래 잘 부르 마지막 회 웃 즐겁 보 트로트의 연인,1
277,1724444,이,0
278,7124022,망하,0
279,6409443,아이 시선 보 전쟁 보 내내 가슴 하,1
280,10243387,사람 재미없 하 레알 기 대 안 하 생각 보 만 하 근데 여자 애 복순이 다투 장면 굳이 없 되 생각 하 몰입 겁나 없애 하 보이,0
281,2577310,설정 연속극 같 느낌 들 다 하지만 배우 연기 뛰어나,1
282,4523923,여주인공 인터뷰 하 때 하 죽 주 알 그냥 냥 킬링타임 스릴러,0
283,7862272,미 박스 오피스 위 그냥 몰아주 하 건 가 어떻 영화 위 하 옛날 년대 우뢰 매 수준 물 폭탄 싸움 손 빔 가나 손 물 폭탄 나가 다르 게 지,0
284,573776,감독 여 자 보니 기량 많이 딸리,0
285,9056760,또 보 또 울,1
286,9643549,영화 개연 없 허무 하 만들 버리 다 디 포스터 이쁘 모습 남 영화,0
287,6081437,굳 굳,1
288,9907350,스토리 말 안 되 개막 장 사랑 이야기 아니 예 보 계시 시간 돈 아끼 거 예 휴 그래도 보 호구,0
289,4445737,살리 두 쌀 아깝 세기 명 대사,1
290,6969112,평점 너무 높 전혀 재미있 않 쓸데없이 말 많 류 영화 조연 뒷받침 하 조연 내용 자체 전혀 없 또한 여배우 별로 매력 없 이틀 전 저스트 고위 드 잇 애니 스톤 보 영화 보 가 실망 하,0
291,5149470,맛깔 드라마,1
292,7696175,시베리아 인가 가 훈련 하 때 나오 개작 살,1
293,9197636,이건 시종일관 질질 왜 제목 야경꾼 일지 냐 지금 회 넘어가 즉 달 넘어가 앞 누 군가 얘기 하 더 거 부작 그렇 또 순간 걸 훅 진짜 지루함 지존,0
294,7303814,나이 들 해 가 영화,1
295,6256531,슬픔,1
296,7860179,장면 개연 없 아역 연기 못하 추노 나오 민 언 년 외국 판 주 초반 하 저급 영화,0
297,4813296,영화 정말 별루 예 결말 상하,0
298,8153915,딱히 재미 없,0
299,9698597,송강호 정말 연기 하 위하 태어나 인해 즐거움 느끼 다 역시 송강호 연기 파다,1
300,9936129,일본 영화 수입 금지 시절 비디오 테이프 돌리 보 불 후 명작 그립,1
301,7758340,살인 소재 영화 이토록 재밌 주 살인 대하 감독 해석 정말 재치 있 대 배우 여 년 모습 정말 하 재밌,1
302,7983475,누 미 라파스 신봉선 닮 안 보,0
303,6986888,케이블 그만 좀 재탕 하,0
304,220218,멋지 정말 멋지 말 이외 하 말 없,1
305,8730958,년 어떻 영화 만들 지 의문 당대 최고 영화 지금 보 결코 떨어지 않,1
306,7717145,지금 거 티 비 돈 내 보 있 하,0
307,7713083,쓰레기 연예인 재기 장 그러나,0
308,5941602,굿 좋,0
309,472846,많 감동 주 드라마,1
310,9796817,발 만들 영화 지진 나서 주인공 넘어지 뒤 사람 유유히 걷 다니 있 발 발 연기 발 시나리오 내용 정말 같,0
311,7049293,적당히 하 언제 끝나 것,0
312,214940,잊 수 없 안개 끼 워터 다리 마스코트,1
313,8520381,곤 사토시 감독 년 안타깝 돌아가 가슴 하 정말 천재 감독 암 가시 이제 와서 다시 보 작품 대작,1
314,9360766,많 생각 하 되 예 뼈 지 싶 맘 있 과 하 독,1
315,8830133,구마 없 지 개 줄,0
316,10043297,어리 때 폭 영화로 알 나이 들 이 인생 하 하 지 영화 세상 살아가 갈수록 오 닿 게 많 지 요 세상 비정 하 비정 함마 지 하 지 게 친구,1
317,3398464,영상 너무나 멋지,1
318,1576800,비디오 있 보 1997년 도인 줄 모르 정도 잘 만들 긴장감 있,1
319,4913424,처 주,1
320,9182989,년 만들 지 것 재밌 영화 길 좀 다듬 소재 좋 몰입 감 기대 이상 매끄럽 못하 부분 있 연기 다 잘 하 듯,1
321,8189929,철 지나 폭 코미디 뼈대 있 가문 이야기 섞 다 하 박정아 하 배우 보 하 연기 펼치 기억 남 건 없,0
322,8823884,군더더기 없이 잘 진행 되 재미 없 게 문제,0
323,10052602,하 보 재밌 탑 연기 못하 주 알 배우 포스 잘 하,1
324,7728430,다 미 괜찮,1
325,1374993,지대 짜증 아빠 보 앗 하 죽 주,0
326,6394494,점 못 주,0
327,3743025,빠 순이 영화,1
328,1699544,최악 애니메이션 하 재미 없 스토리 하,0
329,6352418,좋 의도 다르 하 표현법,0
330,2211206,줄리아 로버츠 귀엽 연인 년 끄,0
331,10212408,하,0
332,9751638,예술가 사람 인생 당시 시대 상황 지 느끼 수 있 명작,1
333,10225984,관객 수 너무 아쉽 영화 베테랑 더 류승완 감독 역작 더 강하 악역 이다,1
334,5591006,한창 핵 펭귄 남북 거짓 평화로 국민 속 때 만들 지 영화,0
335,9793236,지금 티 비 하 못 보,0
336,9502251,여자 애 명 잘 못하 명 죽 거 답 없,0
337,8504382,성룡 중 단연 최 고지,1
338,2092294,안 습,0
339,4930770,감독 의도 전혀 알아차리 못하,0
340,5402666,하나님 가정 온전히 만들 다 진리 이신 분이 만들 영화 눈 보 말 마음 보,1
341,8198021,편 나름 하 피 헤드 죽 게 좀 아쉽 점,1
342,9823215,국산 코미디 영화 중 나 신라 달 밤 제일 좋 하 하,1
343,9569992,최악 다 영화 잠 오기 첨 하 둑 뻔,0
344,7751180,하 배우 되 하 걸,0
345,9467674,영화 점점 끝 달려가 몰입 도가 더 높 지 영화 이번 처음,1
346,9954533,결국 감독 자신 하 싶 의견 지존파 핑계 삼 하 듯 지존파 살인 정당화 하 정부 탓 사회 탓,0
347,8555924,사실 여부 떠나 알 오 아더 너무 안 되 덜 원탁 기사 중 실제 검술 최고 수 랜스 롯 알 있 트리스탄 못하 싸우 검술 마치 중국 검술 흉내 내 거 같 게 그리고 란 슬롯 실제 쌍 검 너무 안대 하트 길 비 역도 미스,0
348,5277723,대한민국 영화 수준 평균 하락 시키 하 급 영상물,0
349,7917426,점 없,0
350,5767948,재밌 데,1
351,6237814,재미없 기대 완전 하 완전 못하 실망,0
352,2334468,종착역 없 인생 대 유 트레비 슬 단지 흘러가,1
353,9831680,돈 시간 아깝 영화,0
354,9751497,없 예쁘 음악 동영상 취미 영화 만들 것 것 끝나 잘 하 음악 올인 하기,0
355,8117850,배우 연기 좋 말 하 걸,0
356,6277438,학위 위조 성범죄 자 문제 자 모으 영화 찍 왜 그렇 으 까 제작비 아끼 구 패자부활전 하,0
357,5878347,솔직히,0
358,9465707,완전 재미있 애 보 알맞 듯,1
359,9405373,하 하 무섭 탑 멋있,0
360,4758250,무섭 않 기 분 나쁘,0
361,3644982,군더더기 없 하 그러나 강 메세지 전달 뜻밖 참 좋 영화,1
362,9724344,영화 최고 다 그냥 최고 주 알,1
363,9040261,그랜드 부다페스트 호텔 시리즈 같 캐스팅 아깝,0
364,6824144,빨리 감기 하 보 투자비 많이 들 것 같 영화사 망하,0
365,10184469,도대체 재밌 걸 모르 아이언맨 시리즈 개그 뛰어넘 다 하 웃 하 모르 내용 지 뜨 금 없 히어로 놀이 또 지 왜 이렇 평점 높 지 모르,0
366,9589406,왜 극 끌어가 중심 있 캐릭터 있 하 알 되 영화 살인마 대적 하 그리고 사건 해결 하 인물 없 그리고 왜 마지막 다 탈출 하 놓 나서 잡히 죽이 당하 이해 하 수 없 대체 조달 환 정유미 왜 나오,0
367,4879638,지 짜 리얼 개 쓰레기 영화 다 보 나 정말 영화 절대 보 말,0
368,9915234,비록 로봇 점차 인간 감정 가지 자신 대하 고민 하 결국 인간 되 죽 앤드 류 모습 보 영화 중 최고 감동 선사 영화,1
369,3274253,영구 땡칠이 시리즈 레전드 영화,1
370,8652917,초딩 때 친척 비디오 빌리 오 보 기 나 너무 재미 없 근데 나중 우연히 다시 보니 재밌 때 왜 그렇 재미 없 년 초등학교 학년 때 사촌 당시 나름 최신 비디오 빌리 오 거 같,1
371,1043813,하 만큼 고요 하 서글프 시선 속 머물 깊 성찰 사색,1
372,10221467,영화 진짜 보 펑펑 울 너무 슬프 거 같,1
373,1656447,더 혀 짧 가 내기 하 박빙 것 같,0
374,1911721,애 딸리 심 하의 눈부시 미모 아름답 영상 메인 주 제가,1
375,10080984,기 나오 아직 안 풀리 이야기 많 극장판 정말 시간 가 줄 모르 보 역시 싸 패,1
376,9999070,개 노 재 스토리 부족 하 다 하 진짜,0
377,8063353,답 없 뭐 하 걸,0
378,7685723,절망 슬픔 속 자신 챙기 하 삶 하 거부 하 비참 하 대하,1
379,6641262,페이스 허 거 같,0
380,9219254,시간 흐르 퇴색 되 않 맛 있 영화,1
381,9673595,진짜 마 어 마한 여운 주 멜로 영화,1
382,9855049,소피 마르소 말 같 않 불륜 내용 다 망치 물론 실제 역사 똥 같 이야기 전혀 없 주인공 죽 때 공주 살 한마디 만약 미국인 맞서 싸우 아메리칸 원주민 자유 투쟁기 절대 아카데미상 못 받,0
383,3877797,하 하 부정 느끼 수 잇,1
384,7679615,재,1
385,8888834,정말 재미있 보,1
386,9298858,일어나 일 것 같 느낌 강하 우 베 볼 영화 만들 이유 누 군가 실제로 따르 하 하 바라 것 같 정장 월 있 애 보 웃,1
387,10232830,점 개봉 당시 극장 보 영화 내내 오우삼 쥑이 싶,0
388,8057595,견자단 대박 엽문 시리즈 계속 되,1
389,6989907,정말 오월 멜로 정말로 보 보 또 보 계속 보 싶 영화 순위 순위 다 하 늦 밤 그런지 하 느낌 들,1
390,3829341,흥미 롭 보 여 배우 이쁘 반하,1
391,8313164,스토리 액션 그래픽 건지 게 없 망 작 그냥 게임,0
392,9964594,그냥 레전드 다 레전드,1
393,10107265,평론가 명치 겁나 때리 싶 정말 영화 재미없 걸 생각 하 재미 있 인생 도움 가장 크 영화 본인 깨닫 싶 꼭 보 인생 바꾸 주 겁 니다,1
394,9753915,키아누 리브스 최고 액션 영화,1
395,7778515,소재 아름답 영화 다소 아쉽 부분 있 이유 영화 영화 스럽 극 로맨스 보 좀 더 사 실적 남자 마음 시선 말 하 싶 때문,1
396,3562504,영화 평론가 좋 번 보 말 영화 울림 있 영화,1
397,5523522,역시 효 느 역시 다 재탕 중,1
398,7448331,4대강,1
399,8939261,간첩 색 휘 애쓰 다 밥 먹 다니,0
400,7857671,좀 검증 되 애 좀 출현 시키 이탈리아 특집 장난 하,0
401,142324,정말 짜증 절 때 보 말 꺼 욕 나오,0
402,5427136,슬프,1
403,2331482,최악 환경 속 만화 만들 사람 경의 보내,1
404,4221289,,0
405,8648758,여운 엄청 길 남 영화 이경 사랑 하 하 영화,1
406,4779812,따 한국 영화,0
407,8497657,짜 이 여,0
408,9456842,굿 자 이상 가나 다라,1
409,8665016,짱 다 혼자 자식 키우 살아오 엄마 아들 힘들 살아오 서로 하 지 날카롭 지 때 잇 결국 가족 아빠 사람 생각 최악 여자 확실히 요구 하 도와주 말 왠지 짜 하 오 닿 다 혼자 괜히 끙끙거리 말 하 생각 들,1
410,8896748,별로 전개도 별로 연기 별로 마디 재미없,0
411,3107684,번 지수 잃 갈팡질팡,0
412,9509970,,1
413,5549220,너무 사랑 스럽 감동 영화 정말 좋,1
414,7538996,최고 영화,1
415,9113253,년 영화 다시 보니 공효진 코 평수 줄이 콧대 높이 완전 못 생기 호 권상우 화산고 때 왼쪽 팔자 심하 지금 사라지 더 잘 생기 지 장혁 멋지 늙 다시 보니,1
416,5025054,말랑말랑,0
417,7648726,공부 열심히 합 다 공부 안 하 인생 사,1
418,7084152,그냥 최고,1
419,8937659,전쟁 이후 아픔 잘 그리 영화 마지막 장면 압권 유대인 주 알 더럽 도움 필요 하 동행 하 토 마스 더럽 유태인 말 장면 그러나 유대인 인척 하 사실 유대인 가족사진 보 하 감정 사슴 인형 밟 까 대 변한 다 므 찌 영화,1
420,10147064,오랜만 동화 다운 동화 보 기분,1
421,10001967,감사 하 정말로 감사 하,1
422,4655750,다 변태,0
423,6167275,샤넬 인생 성공 샤넬 남자들,0
424,4877829,영화 내용 없,0
425,9601176,십수 년 세월 찰나 순간 찰나 순간 영원 하 기 남기 시간 상대 성 이론 관하,1
426,8216491,니노 중 격 연기 두근거리,1
427,10242465,보 울컥 핫 영화 재미 있 멀 가 감동 적,1
428,3231034,열정 만 돌진 하 싶 만들 영화,1
429,9248386,연기력 유혹 하 못하,0
430,5483898,하 재미 없 세상 깜짝 놀라 하 센세이션 없,0
431,6302401,아무리 노력 하 차이나타운 대 놓 베끼 것 용서 안 되,0
432,9200443,신화 화이팅 에릭 화이팅 모두 힘내,1
433,7654525,엔 딩 넘 슬프,1
434,3960206,영화관 가 보 더 좋 걸 어리 시절 돌아가 느낌 들 만감,1
435,7561877,정말 최고 이민정 씨 신 하규 씨 연기 너무 좋,1
436,8781402,안 되 재밌 보 영화,1
437,8825291,교양 시간 보 좀 충격 먹 영화 마지막 너무 슬프 다 빨갱이 소리 지르 몰 초가 갑자기 단어 말 하 건 선생님 대하 그리움 하 슬픔 몰 초가 마지막 좀 울먹이 거 같 하,1
438,1033103,잘 보,1
439,3379092,안 무섭 귀신 애기 걸 그냥 까 놀 하 하 뿐,0
440,5785985,뭐 하 건 쥐 것 다 어설프,0
441,5842441,배우 하 연기 일상 힘겹 그리 현실 감 다 좋,1
442,3249844,남자 배우 정말 미스 캐스팅 연기력 안 습 조은숙 김유미 연기 땜 참 보,0
443,9853892,차 세계 대전 피고 지 청춘 무기 기술력 세기 전쟁 일으키 정치인 전쟁 지휘 하 고위 장교 생각 19세기,1
444,5414569,책 분명히 시선 괜찮,1
445,5059623,거 왜 보 싶 예스 이랑 김태희 나오 보 듯 적 월 개,1
446,9762198,솔직히 점 때 약간 더럽 장면 빼 정도,1
447,9808764,오 연서 신인 답 않 연기력 잘 보 다음 작품 또 뵙 바라,1
448,10018872,반전 전부 영화 몇 번을 보 또 보 싶 영화,1
449,7871532,피해자 있 피의자 없,1
450,9488543,개 멀 주인공 지 혼자 복수 못하 주변 해주 길 바라 민 녀 아직 끌리 다니,0
451,7360385,하 소재 화끈 하 액션 스피디 하 전개,1
452,10131631,영화 박자 디테일 정말 시가 전 완벽 하 남자 사랑 대하 묘사 작 중 규 누 군가 사랑 하 마음 정말 디테일 하 마지막 얘기 완급 조절 완벽 하 영화 정말 멋지,1
453,9342020,탕웨이 찡 만 점 주기 하,1
454,5351337,감동 영화,1
455,5686145,당시 대 박 치 영화 괜찮,1
456,8392466,억지 스럽 시나리오 하 전개 편 보다 못하 구성 등 편 안 나오 게 나 망 작 배우 영화 보 눈 없 안타깝,0
457,3398398,반도 안 되 영화,0
458,2504572,영화 평점 높 이유 모르,0
459,1747519,평생 기 할 만 하 영화 정상 소재,1
460,9972054,요즘 상황 보 영화 생각나,1
461,10226361,많 것 생각 하 만들 영화 마지막 사람 짐승 보이 아수라 사람 같 보이,1
462,6150881,진짜 재미 없 영화 공통점 스포츠 영화 군 대 영화 자막 나오 영화,0
463,3800651,로버트 드니 광기 복수 연기 만끽 하 수 있 수작 서스펜스 스릴러 물,1
464,8705316,감동 감동 감동 도가니탕,1
465,8164006,세계 정치 경제 문화 사회 전반 걸치 변화 하 상황 변화 가져오 방법 없 게 함정 것 같,1
466,501464,귀엽 벤지 하 벤지 예쁘 귀엽 친구,1
467,2163194,당시 개봉 날 보 울 나오 돈 아깝,0
468,10242398,정말 최고 영화,1
469,9733856,하 숨 막히 영화 연출 하 곳곳 숨 있 복선 하 싶 정도 하 감정 표현 김영애 연기,1
470,10147571,,1
471,9990660,시나리오 연출 연기 것 갖추 못하 시간 넘 아깝 억지 싸구려 중국 신파 경극,0
472,10055131,거부 하 몸짓 하늘,1
473,7086350,그만 빙빙 돌리 밝히 지 하 안 되 보 아직 질질 끌 짜증 안 봄 또 사고 터지 또 질질 끌 진짜 짜증 날 듯 빨리빨리 밝히 지 건 밝히 지 반전 있 작가 드라마 사랑 하 재 있 넘 끌 짜증 요,0
474,9849333,졸 보 왜 이리 평정 높 겨 내용 거 없 아 오 감수성 영화 냐,0
475,2626505,기대 하 않 영화 아름답 밀려오 다 꽤 괜찮 하 영화,1
476,6237908,진짜 번 더 영화 상영 하 용서 하 않 지금 영화 보 카 톡 하 잇 놓 진짜,0
477,9484080,살 있 생동감 잃 박물관,0
478,9578706,노 땅 심하 추억 미화,0
479,4996289,어리 적 눈물 흘리 웃 기억 간신히 찾 다시 보,1
480,1109987,인종 차별 유괴 주제 불협화음,0
481,7551529,고명환 연기 돈이 없어 쓰 것 냐 후자 라면 보 가치 없 영화,0
482,5080819,속편 주인공 전작 앨빈 밴드 좋 것 같 캐릭터 추가 더 이상 해진 듯,0
483,156982,혼자 보 너무 아깝 년 올해 영화,1
484,8082654,마지막 결투 씨 최고 폭풍 눈물 팝핀현준 할아버지,1
485,9659875,점 대,0
486,9215986,좋 상술 최고 아니 선거 술 최고,1
487,9076407,쓰레기 함부로 버리 말,1
488,9265375,나오 안 맞 성향 영화 중 들 만 하,0
489,3978509,,0
490,9293103,막장 재미 있 보 재미 없 짜증 남 남녀 주인공 어울리 참 보 진짜 안 어울리 하 다 재밌 보 진짜 보 것 중 제일 최악 이 무트 주인공 시작 하 성격 개 이상 함 조기 종영 답,0
491,7931340,줄리 델피 나이 들 멋지,1
492,3382430,보 일 드 중,1
493,9880437,역시 명작 명작,1
494,10153465,영화 제목 잘못 보 착각 하 잘못,0
495,10049872,그냥 기독교 영화 좀 더 깊이 있 내용 기대 하 실망 영화 하,0
496,9427493,그냥 책 읽 게 더 하 다 오 다 영화 내용 너무 비약 하 삭제 하 행간 잃어버리 책 꽉 차 느낌 반대 것 하,0
497,6629097,너무나 감동 영화,1
498,9995177,스킨헤드 성 영화 싫어하,0
499,9600841,자동차 매니아 평점 점 하 속 아 오,0
500,9244416,거 보 인형 절대 안 삼,1
501,6159178,정체성 사치,0
502,10059230,나이 먹 아저씨 일 찌 놀이 하 영화 개 역 겹 다 알바 풀 현실감 개 진짜 개 제로,0
503,9988541,남극 오 그만 길 잃 오르 못하 곳 오르 것,0
504,7790870,재밌 귀엽 남,1
505,8130040,포스터 진심 개 엑소시스트 능가 하 공포물 같 실상 처 키 못하 영화,0
506,5398829,시청률 44 개뿔 존 재미없 보니 M BC 사극 너무 못 만들,0
507,7141862,요즘 방 보 데 넘 재밌 왜 시청률 저조 하 싶 다 귀 요미,1
508,8605792,연출 연기 영상 아름답 영화 예산 영화 관계 스펙 타 크 은 부족 하 한국 영화 새롭 바람 희망 다크호스 되 것 믿 많 응원 부탁 드리 벌써 일찍 관람 해주시 분 진심 감사 하,1
509,8852339,평점 왜 이렇 낮 지나 거 또 다운 받 있 번 정말 재 있 끝 견 자 단 하 빵 하 싸우 때 정말 가슴 뜨거워지 나 정말로 재 있 보 최근 댓글 알바 줄 알 것,1
510,5924043,이 어떻 평점 낮 수 있,1
511,10095254,블랙 코미디 조롱 대상 데 기분 드럽 점수 주 성기 노출 등 로나 끌,0
512,7545407,촌 동네 폭 삼류 영화 가끔 툭툭 미 유머 맞 촌 스럽 하,0
513,1028779,점 만들,1
514,5947102,스타 데 형님 얼굴 먹칠 영화,0
515,29672,허 남자 몸매 보 기분 좋,0
516,8673629,안 보 별점 개 주 싶 영화 같 심형래 아저씨 급 감독 듯,0
517,9922565,정말 완벽 하 최고 영화 중 꼽히 영화,1
518,9869002,하 하 예산 B급 영화 다 스토리 깊이 감 없 전체 루즈 하,0
519,8622080,진짜 민국 지아 더빙 더 이상 시키 안 되 더빙 얼마나 하 애 시키 데뷔 안 애 연예인 이해도 하 판,0
520,8954713,그냥 재미 없,0
521,1998203,쇼 하 쇼,0
522,4355661,중심 약하 언저리 가지 무리 하 승부수 띄우,0
523,247380,주연 배우 이름 기억 남,0
524,9149689,그냥 안보 게 이득,0
525,8931143,키 기키 기키 기키 기키,0
526,5364316,박 빠 수 죄다 없 지 버리,0
527,9915858,진짜 짜증 영화,0
528,9985367,불 잘 보이 않 사람 죽 나가 때 엄청나 하 음악 나오 전혀 마음 오 닿 않 설정,0
529,6438587,망 작,0
530,9678213,상당히 재밌 보,1
531,4602811,내 코끼리 내놓 더 재밌,1
532,586485,코믹 코믹 보 패러디 하 카메오 들보 재미 있,1
533,10101756,유치 짬뽕 딱 초 등 학년 영화 다 초등학교 자녀 있 가족 추천 하,0
534,9425646,후속 지금 나오 한국 애니 좀 살리 보,1
535,4376802,통하 보 정말 재밌 잘 보 근래 보 영화 중 최고 듯,1
536,7806661,기대 않 보 찰지 만들 토종 느 르네 하,1
537,6238614,성인영화 가족 영화 만들 하 하 자막 제작자 마음 안 들 점,0
538,720113,일본인 특유 하 연기 여주인공 연기 너무 못하,0
539,7674213,전반 무겁 느낌 영화 요가 비의 향 맛 하 느끼 지 장윤현 감독 커피 부분 관하 신경 쓰 보니 연출 부분 있 좀 하 않 싶 배우 연기력 괜찮,1
540,9719704,전작 다 배우 내용 모두 되,1
541,8679307,하 무겁 소재 하 재미있 만들,1
542,6148658,유럽 작품 한 유럽 하 얘기 또한 픽션,1
543,4550608,풍 정정 어 하 되 거지 과도 하 압축 개연 없 배우 호화 롭,1
544,9353256,영화 구성 좋 분 아마 친구 같이 영화 보 님 영화 좋 다 하 같이 보 친구 이해 하 못하 겁 니다 진짜 최악 최저 스토리 주인공 행동 개연 없 간 하 관계 최악 이렇 허 접하 표현 되 영화 간만 능,0
545,6082274,이제 그만 보 싶 막 되 먹 스토리텔링,0
546,8935552,말 필요 없 로맨스 싫어하 보 때 기절 하 것 같,1
547,10257700,취향 이고 우울 하 마음 완전히 날리 버리 슬프 내용 보 뒤 마음 정화 시키 주,1
548,9437693,영상미 역시 최고,1
549,6825866,,0
550,9326219,역시 한국 영화 보 말 되,0
551,455825,괜찮 영화,1
552,208558,요즘 재밌,1
553,10038451,소재 참 좋아서 점 주 제작 되 영화 공포 스릴러 본분 잊 드라마 드라마 같 느낌 다 연기 연출 괜찮 다 시작 끝 하 뿐 또 장면 살짝 유치 하,0
554,8411258,남자 보 내내 울 딸 낳 잘 하 주,1
555,9566485,안타깝 뿐 안타깝 뿐,0
556,6027897,영웅 사람 원하 때문 만들 지 또 희생자,1
557,6361907,그냥 평 작 욕 안 나오,0
558,10149061,극장 가 안 보 머리 깨 버리 싶 인생 최고 영화 키 작품 중 최고 듯,1
559,1135339,중 고생 마마 추 포르노,0
560,9134639,비디오 물 시 상영 물 넌 정체 몰,0
561,8759753,이건 말 설명 하 수 없 하 다 진짜 필름 아깝,0
562,5658983,이승연 하 묻어나 영화 그러나 홍경인 너무 하 나오,1
563,2955927,드릴 뿜,0
564,8821260,부족 하 영화 부족 하 영화 감동 있 하 참 끝 다 보 진심 이렇 재미없 느끼 건 처음,0
565,8384832,계몽영화 한계 고스 답습 하,0
566,3711748,우 정말 오랜만 통쾌 하 웃 내일 기대 되,1
567,8759142,청춘 마침표 없,1
568,7459571,얼간이 아줌마 나오 번 본건 데 실망 하 반전 주 싶 보 데 개연 없,0
569,9618670,좋 소재 만족 하 연출,1
570,522869,심혜진 나오 겨우 정도 실망,0
571,9505968,아들 놈 끝 아빠 하 감정 없 소재 하 영화 자체 메시지 하 스토리 짜임새 있 않 것 같,0
572,8567896,창업 꿈꾸 가 좋 아이템 있 사업 하 하 가 그렇 기 쓰 영화 보 바라 멀 험하 여정 스승 되 것 지침서 되 것 다 혹은 단념 도움 되 참 오랜만 박장대소 하 보 독립 영 활 세,1
573,2828148,슬프 액션 영화 치 실망 크 부자 간 배신 원망 끝나 것 너무 허무 하,0
574,9087701,명화 보 진짜 감동,1
575,8775560,티 프리미엄 인간 면 쪼 맘 들 점 주 근데 진짜 선 균 정재영 김상중 연기파 배우 부르 노 코 쓰레기 영화 찍 진짜 영화 보 데 계 쇠 하 괴롭,0
576,2956430,너무나 하 감동 영화,1
577,6984995,급 영화 안 되 일 점 아깝 네이버 마이너스 점수 만들 다르,0
578,5875641,스토리 부진 액션 재미 반 감 시키,0
579,9674250,끼 수 느 덕 영화 하 굿,1
580,9698428,시종일관 오락가락 말 하 하 게 지 모르 감독 자기 세계 빠지 만들 것 같 영화,0
581,1956819,왠지 모르 색다르 감동 주 영화,1
582,9352399,전주 영화제 보 넘 늦 개봉 하 듯 종교 업 대하 번 더 생각 하 수 있 만들 영화 예산 만들 감독 노력 느끼 지 크 박수 보내 싶 화이팅,1
583,10270814,보 내내 웃 재밌,1
584,7117896,,0
585,5787812,사랑 상처 받 다시 치유 되 수 있 하 생각 들 영화,1
586,1353144,극장 가 보 영화 중 쓰디쓰 아픔 처음 느끼 하 주 퍼스트,0
587,8422811,최고 더 평가 필요 하 가 탑,1
588,1268778,자신 삶 대하 다시 번 생각 하 하 영화,1
589,9062386,알바 놈 양심 없 멀 점 주 걸,0
590,9589263,년대 돌아가 하 주,0
591,9589188,끼우 맞추 개 반전 보 오 하 인간 이해 불가,0
592,8029041,개 짓 하 후 세 태어나 일본 놈 진짜 정신 상태 이상 하네,0
593,6478189,,0
594,8181452,영 활 보 나 하 지 영화 한국 더 잘 만들 걸 느끼 되,0
595,1633598,지 데 대우 깔,0
596,10095078,재밌 짜 하 매력,1
597,7622143,오 머릿속 지우개 이후 진짜 슬프 영화 마지막 눈물 폭발 오늘 이후 또 보 싶,1
598,9102887,월 커플 짱 짱 덕분 아주 재미있 보,1
599,8206148,터키 특집 액션 스키 추격 기억 남 소피 소피 의하 소피 위하 시리즈 저물 시절 재미 조금 떨어지,1
600,1509830,수많 최루 멜로,1
601,499334,평생 최고 걸작 현실 건너편 세계 잠시 엿보 듯 하 느낌,1
602,6662535,인생 최고 영화,1
603,4881827,진짜 추천 하,1
604,9825558,포스터 사기 너무 현실 배우 하 빵빵 터지 화성 남 금성 녀 발 지 혼자 내리 본전 생각 담배 피 남편,1
605,5043859,마술 거 죽 전 외계인 만나 보 수 있,0
606,5409088,참 재밌는 영화,1
607,8962807,빨리 좀 끝 나라 으 이 처음 재밌 주 알 이 이리 재미없,0
608,5943761,극 전혀 몰입 안 되 장면 이어 붙이 식 진행 연출력 형편없,0
609,5536004,자막 제작자 쓰 놓 막장,0
610,6932147,그리 무섭 수 승 물 쉽 뜨 내려가,0
611,6484469,이 왜 온 평점 높 지 해 안 간 다 영화 처음 여배우 물대포 쏘 때 다 포스터 더 무섭 영화 상영 시간 내내 포스터 보이 주 충분히 지린,0
612,10004793,진짜 하 말 안 나오,1
613,9391681,좋 배우 데리 작품 부족 하,0
614,8130315,아니 왜 점 대 근래 보 다크 히어로 무비 중 최고 아주 그냥 고스트 라이 더 걸리 스치 사망 거,1
615,7392240,하 시작 하 우습 끝나,0
616,8772531,내용 전개 하 하 정도 재미,0
617,1367092,돈 뭉치 싸대 명장면,0
618,8495001,고하,0
619,1185788,쓰레기 영화,0
620,8824834,너무 일찍 슬픔 알 되 제제 안쓰럽 책 읽 눈물 나 영화 마찬가지 어리 나이 제제 슬픔 너무 일찍 알 버리,1
621,14513,정말 비디오 돈 주 보 아깝 최악,0
622,4357478,말 그대로 뚝방 보 영화,0
623,6021189,인생 최고 영화 년 다 되 가 아직 하 하 기억,1
624,7287648,감독 다시 영화 찍 마라,0
625,10253977,육감 하 여인 존재 자체 영화 전부,0
626,9992205,영화 도 입부 카메라 각도 화질 겁나 구림 영화 주 알,0
627,8026930,진정 좋 영화 보 때 당시 재 있 도 있 두 두 기억 생각나 또 번 쯤 보 싶 영화,1
628,8043001,박사 아들 정 시 현 정말 멋지,1
629,2168829,편 너무 좋아서 편 너무 묻히,0
630,6377552,하 말 없,0
631,129805,나 별로 덜 데,0
632,5661543,영화 참 좋,1
633,542441,곳곳 번뜩이 아이디어 아기자기 하 구성 돋보이 수작,1
634,4592004,우아 새벽 보 무섭 미스터리 에로스 스릴러 겸비 하 영화,1
635,7963429,짧 정말 재밌 잘 보 윤계상 능청 연기 좋 잘 하 생각 계속 하,1
636,7175213,에린 초반 타 차 현대자동차 프레스토 보 추억 록 록,1
637,9905070,남 철학 영화 하지만 액션 보 정도 점수 나오 되,1
638,9364602,,0
639,529768,효과음 기가 막히 영화,1
640,9040274,솔직히 평점 점 이상 되 되 거 같,1
641,3208499,난 강 혜정 일본 가 찍 건 가 하 닮 것 같 생각 들 뿐,0
642,6731536,일본 영화 좋아하 꼭 보 하 영화,1
643,6615814,진짜 이건 액션 영화 좋아하 액션 영화 다운 받 꾸준히 보 게 벌써 년 사람 임 근데 이건 점수 잘 주 점 만점 점 돈 주 보 너무 아깝 진짜 그리고 대체 왜 13구역 타이틀 달 나오 모르 실망,0
644,5529456,가슴 하 왜 이제서야 알 되,1
645,7393226,커스 티 때문 좋,1
646,10036253,보 내내 영화 끝나 나서 하 중년 남성 이렇 하 보이 수 있,0
647,5812647,진짜 퀵 이유 이렇 어이없 재미없 영화 처음 진짜 돈 아깝 적 번,0
648,9713238,진짜 재미없 영화관 분 정도 늦 들어가 사람 명 없 이유 왠지 알 것 같 완전 비 추,0
649,8717232,년 보 영화 인대 솜 이랑 키 작 남자 살 나가,0
650,8342710,조금 유치 하 왕조현 주윤발 충분히 볼 하,1
651,8920121,나 솔직히 재미없 코믹 요소 없,0
652,6148289,싸구려 왜 색 영화 키 작 하 일본 원숭이 망상 사무라이 정 신토 나오,0
653,9208964,재미있 봄 감동,1
654,10095017,아니 찍 놓 모니터링 번 안 어떻 염치 업 걸 극장 걸 수 있,0
655,10010400,영화 산업 하 않 가 식 홍보 하 놓 속 팔 게 소비자 입장 짜증 나 그나마 다행 아주 싸구려 상급 품 속 여파 게 점 그래서 점 차라리 열 상호 감독 작품 홍보 되 하 만 하,0
656,6486325,완전 감동 다 박신혜 짱,1
657,9028463,절망 속 결국 빠져나오 눈물겹 실화,1
658,1253368,국민학교 다니 때 거 동생 이랑 보다 가 눈물,1
659,297077,욕망이라는 이름의 전차,1
660,8599155,디 같 부류 예산 하 마구잡이 연출,0
661,8740203,무기 여 잘 있 보 내내 손 땀 쥐 보 번 애니,1
662,8804100,배우 연기력 아깝 개 아깝,0
663,5950829,딱 90년대 코미디 영화,0
664,3895103,어리 때 진짜 재미있 보,1
665,9146695,정말 최고 영화 마지막 아이들 노래 비행기 정말 잊 수 없 여운 남기 영화 이제 알 되 것 자체 후회 되 정도 하 깊 여운 남 영화,1
666,4993640,보 어이 없 웃음 나,0
667,5794799,악역 금단비 더 주목 받 것 주연 여배우들 미스 캐스팅 의미 하,0
668,1600635,,0
669,1118508,보 나서 내내 여운 남 영화,1
670,3488301,절대로 보 마라 보 후회 하 다이 거 영화 만들 걸 보 사람 뇌 놓 보,0
671,7749595,내용 도통 모르 쓸데없이 하 보이 시도 중 영화,0
672,9804254,기쁨 슬픔 생명 그리고 죽음 인간 역사 속 하 하나님 우주 섭리 느끼 지 영화 특별히 어머니 역 맡 여배우 여성 미와 자애 롭 인상 인생 살 존재 되 영상미 예술,1
673,9109132,이 가요 내용 없,0
674,10136005,평점 하 높 빨리 낮추 하 듯 점 하 영화,0
675,9272388,이야기 도 보통 재미있 점 정도 보 점 점 정도 고릴라 제작 하 거도 잘 하 하 하지만 감동 보통 아쉽 결말,0
676,9832161,솔직히 하 공포 영화 다 섭렵 하 만큼 매니아 주온 정말 무섭 아직 샤워 하 머리 감 때 공포 느끼 다 쳐다보 있 느낌 느낌 말 겪 보 사람 있 거 그만큼 당시 하 영화,1
677,6106079,아름답 영화,1
678,6760555,정말 광 해 하,1
679,8658227,쉬 하트 넷 특유 여성 자극 하 하 듯 하 남성 이미지 작 부각 하 듯,1
680,3284962,정말 속 느낌,0
681,9814376,몸매 베드 신 보 좋 사람 영화 안 보 사람,0
682,9093996,잘 보 외모 뿐 가지 들 따지 사랑 빠지 것 하 하 요즘 사람 좋 영화 거 같,1
683,8891326,최악 쓰레기 어서 프 정말 노력 하,0
684,8016672,콜린 파레,1
685,9884619,나 이 제일 재밌,1
686,3095788,나 좋 괜찮,1
687,7008459,영화 댓글 더 재밌,0
688,8365221,에 라이 미치 사이코 드라마,0
689,7326531,일본 문화 들어가 있 하 수 있 최고 사극,1
690,8415974,엄청나 기대 하 보 게 괜찮 듯,1
691,8488748,더빙 똥,0
692,5235134,안타깝 이해 못하 사람 속출 불교 철학 작품,1
693,7441317,진짜 개 씨 바 같 영화 개 시간 낭비 의미 없 무섭 않 왜 하 공포 영화 즐기 보 이건 진짜 같,0
694,7403099,색다르 재밌는 영화 실제로 일 있 참 재밌 것 같 막장 막장,1
695,57586,어 캐 보 여 꼬옥 보,0
696,5141238,정말 하 못하 촌 스럽,0
697,5575615,종교 분위기 물씬 풍기 최루 가족 영화,0
698,765033,재밌,1
699,286680,그냥 살 지 그렇 이성 재 멋지,0
700,9694445,음악 영화 취향 저격 비긴 어게인 대중 흥행 하 힘들 영화 하지만 여주 너무 매력,1
701,5256752,개 선택 왜 없 솔직히 반개 아깝,0
702,5316818,돈 미치 남편 아기 미치 돈 있 남자 속 갈등 하 여자,0
703,4929205,어린이 시점 보 만 하 오로지 어린이 시점,0
704,7764248,잠 청하 수 있,0
705,5610275,좋아하 사람 뇌 완전 하 결말 왕 실망 임,0
706,4975754,전작 비하 왠지 허탈 하 카 사르 전작 더 멋있 듯 하,0
707,8098297,김민종 최고 더 잘 되,1
708,4437772,공격 재미 하 여성성 일기 토 지략 삼국지 맞짱,1
709,8750781,점수 주 싶 년 정도 밖 못 만들 게 충격,0
710,5317808,비디오 테잎 감 가 보 영화 가장 슬프 영화,1
711,7941197,도입 부 제외 하 따 분 헬기 민간인 마구 쏘 죽이 미 군 베 트 공 여성 슬 푸 등 현실감 없 극단 설정 라이언 일병 업 햄 그리고 영화 주인공 조커 넘 모두 싫어하 캐릭터 착 척 하 주위 피해 주 넘,0
712,8392485,재밌 가 참고 우리나라 까 하 건 안 나오 그냥 지 소설 쓰 지 자위 하 자위대 등장 하 데 사람 자위 하 있 일본 감정 다 떠나 과학도 과학 보 만 하 영화 하,1
713,9551603,취향,0
714,1128434,평점 조절,0
715,8098523,점 아깝 쓰레기 영화 전작 아깝,0
716,9969680,일편 비하 삽질 하 브리 짓 쪼끔 짜증 날 때 있 그래도 여전히 사랑 스럽 콜린 퍼스 휴 그랜트 자리 모아 놓 것 만 점 주 하,1
717,7467524,지금 보 아이리스 시리즈 중 최악 다 하 너무 하 거 수치 스럽 연기 고자 시 다 떠나 너무 허 접합,0
718,9375027,연기력 때문 하 말 없 정우성 고소영 왜 그토록 흥행 작 없 알 싶 비트 연기 하 거 보,0
719,10079804,전라도 노예 업주 처벌 안 받 슈가 안 되 그렇 보니,1
720,4459001,배우 아깝,0
721,1971330,볼 하,0
722,8777093,결말 의 미 공자 자연 숨 살 노자 말 하 짐승 끼리끼리 살 데 사람 따로 살 진정 순수 하 더럽 것 사이에서 빛 유지 하 것,1
723,746383,크리스 터커 짱,1
724,10106046,믿 보 데 젤 싱 터 근데 왜 이렇 후덕 하,1
725,9456361,나오코 진짜 집중 안 되,0
726,2461114,감독 밥 먹 다니 하 배틀로얄 이후 최고 쓰,0
727,4854124,재미 너무 없 시간 아깝,0
728,3352939,나 재 있,1
729,8225461,어떻 상류층 속 물 근성 정당화 시키 미화 시키 모르 감독 국회의원 사회 강자 아부 하 싶 가 보 그리고 얼굴 예쁘 왕 되 것 맞 드라마 도덕 표현 좀 하 되 게 감독 정신 차리,0
730,4728005,가만히 보 있 씨 익 웃음 행복 하 가족 이야기,1
731,8761788,사고 후 잠시 정상인 되 일탈,0
732,7094992,좋 영화,1
733,7915590,예전 나오 거 같 재미,1
734,8693853,나오,0
735,6714986,감독 하 치졸 하 묻어나 영화,0
736,5073654,팔 빠다,0
737,1227060,재미없,0
738,8331844,생각 만들 걸,0
739,9594029,스토리 흥미 롭 배우 연기 인상 충분히 보 만 하,1
740,5683859,인생 최고 미드,1
741,9907691,영화 보 사랑하고 싶다 생각 하 청소년 관람 불가 선정 장면 나오 않 연인 혹은 솔로 이신 분 추천 하,1
742,10103306,일본 공포 영화 링 주온 이후 망하,0
743,5850503,하 하,0
744,10070313,직접 겪 어르신 얘기 들 보 당시 학살 대부분 주민 서로 간 주로 하층 민 복수심 되 또는 군경 빨치산 학살 하 벌이 살인 정작 북한군 민간인 잘 하 주 하 데,1
745,6475186,그냥 다 큐 일,0
746,8058599,점 영화 개인 평균 평점 점 정도 가치 하 보 다 스타일 리 쉬 하 영화,1
747,8217932,정말 질질 끌 작가 제발 좀 적당히 하 희수 역 맡 사람 그만 나쁘 만들 아침 드라마 막장,0
748,3134317,으 괴물 그래픽 좀 다듬 머니 다 티나 게 공포 영화 웃 건 첨,0
749,5725614,대표 쓰레기 김치 드라마,0
750,1251944,네이버 별점 꽤 신뢰도 높 점 이하 안보 게 좋 듯,0
751,9836293,남 주 헤어 스타일 왜 저러 하 가 분신,0
752,3935543,영화 번 보 안 다 작 일 크 화 만들 나라 국민 인상 깊,0
753,9329701,김명민 구하 차 타 때 진짜 설마 설마 하,0
754,6987687,보 말 아라 재미있 재미없 진짜 기분 들 울 영화 공포 영화 싸이코 영화,0
755,4268313,쓰,0
756,8751084,거 시청률 너무 낮 대 명작,1
757,9579206,현실감 제로 지만 배우 너무 좋 특히 다니엘 헤니 많이 보 수 있 좋 같 남자 게이 당 다니엘 헤니 최고 설경구 씨 최고,1
758,6380732,프레디 모욕감 주 그래도 프레디 점 주,0
759,6730559,재 없 넘,0
760,10121905,평점 너무 높 원작 보심 나 듯 짧 러닝 타임 감사 하 하 주인공 썰매 타 목적지 가니 사람 기 돌아오 하 설정 인간 감정 통제 하 건 데몰리션 맨 브리 엄 보 때문 하 없,0
761,8822540,막장 드라마 원 격 영화 근데 영화 확실히 로즈 번 살리 듯,1
762,9109790,해군 출신 관심 있 보 영화,1
763,9953912,파란색 슬픔 영화,0
764,7298459,액션 완전 기차 라리 유오성 나오 챔프 보,0
765,9355956,폭풍,1
766,4329345,착하 영화 그리고 재미없,0
767,1504875,하 이야기 눈 떼 수 없 만들 거장 솜씨 예전 장이 모우 그립,1
768,8960254,보 영화 중 베스트 안 들 진짜 꼭 보,1
769,7589723,지금 보 페이크 다 큐 영화 중 제일 별로,0
770,9797993,재미 있 공감 되 즐기 수 있 독립 영화,1
771,1180080,시미즈 레이코 만화책 비밀 영향 받 거 아냐,0
772,8293622,기존 한국 영화 느끼 못하 색다르 느낌 상업 보 새롭 도 전하 듯 하,1
773,4431197,장난 하 반전 같 거 있 주 알 끝 다 보 진짜 아 오 시간 아깝,0
774,8937179,예고편 왜 하 걸 모르 예고편 나오 건 안 나오 예고편 대판 쌈지 하 것 나오 하 끝나 예고편 뜻 인지 모르 걸 시청자 호구 보 걸 낚시 지 좀 그만 하 차라리 시청률 걱정 되 폐지 하,0
775,8846509,나 프랑스 영화 이렇 좋,1
776,9335640,쓰레기 쓰레기 쓰레기 쓰레기 쓰레기 쓰레기 쓰레기 쓰레기,0
777,435623,참 재밌 보 귀엽 지미,1
778,4198269,시간 지나 또 보 정말 가슴 애 린 드라마,1
779,5733754,사촌 동생 때문 같이 보 하 정말 사촌 동생 재미없 하,0
780,8278608,설득력 없 꼴통 미니 즘 페미나치 마인드,0
781,23653,급 지향 하 급 작품,0
782,7813287,음 잘 모르 보 하 걸 소녀 가장 이야기,0
783,5824795,틀리 생각 하 장애인 틀리 않 것 알리 주,1
784,842944,재밌 감각 있 쿠 하 영화 마지막 결말 약간 아쉽,1
785,7929874,그냥 재미 없 보 걸 마저 보 이렇 갑자기 원 민 생활 하 건 진짜 처 굴 없 건 그냥 영화,0
786,10155376,진짜 언제 90분 지나 모르 정도 몰입 하 보 정말 너무 재미있 봄 너무 하 영화 평 정말 처음 남기 봄 진짜 나이 애니 보 밤 중 이렇 울 줄이 에 몽,1
787,8680215,사과 하,1
788,7679026,골목 상권 들어오 대형 슈퍼마켓 생각나,0
789,9989270,평점 조절 필요 하 생각 들,0
790,8827685,무협 멜로 걸작 말 하 모 하,1
791,5524686,너무 재미있 보 다시 보 수 없,1
792,6158788,오 글 거리 하 완전 최악,0
793,307912,절대 추,0
794,6082188,한국 껀 줄 알 앗 일본 꺼,0
795,9704763,꽃 송이 놓 가,0
796,9687594,삶 가장 의미 있 일 중 라면 바로 영화 보 것 다 살 죽 기 전 번 꼭 보 하 영화,1
797,9430257,생각 보 만 하 여주인공 연기 좋,1
798,9073274,자꾸 설득 하 하 설교 하 하 게 보 하 그리고 결혼반지 위하 범죄 가담 하 개역 지 설정,0
799,7726829,오,0
800,8213409,제발 문성우 쓰 주,0
801,8544691,살 처음 접하 보 장르 라 조금 당황 스럽 솔직히 영화 자체 자신 색깔 충실 하 완성 역시 뛰어나 편 좋아하 이해 하 못하,0
802,6269046,오늘 아이 데리 보 아이 좋아하 미 취학 초등 어린이 추천,1
803,5934328,끝 참 보 제일 자랑 스럽,0
804,7668668,존,1
805,5655827,안 보 되 영화,0
806,4644401,원작 망치,1
807,9945284,그냥 주 거 다 점 듯,1
808,705362,나쁘 않 개인 하,0
809,5708802,어의 없 스토리 여자 죽 때 웃음 나오 로맨스 영화 냐,0
810,9790871,순수 하 두그 걸 좋 감독 관객 원하 잘 알 듯 여운 많이 남,1
811,3810929,기 방 난동 사건 이후 최악 영화 재밌 사람 믿 보 다 알바 듯,0
812,6278900,로맨스 스릴러 짬뽕 놓 말 하 싶 걸 스토리 되 느낌,0
813,4666521,이건 좀,0
814,8894910,윤아 안 되 원작자 캐스팅 참여 하 주 작품 망치 안 되,1
815,10067891,지금 생각 하 보 영화 중 영화 생애 최고 영화 것 같,1
816,4656042,천녀유혼 비하 표현 하 힘들 하 영화,0
817,9541420,불륜 미화 하 영화 남은 사람 어쩌라고 또 돈 걱정 따위 안 하 사람 이야기 공감 하 강요 하 영화 음악 이랑 영상미 점,0
818,6206837,최고 다 이란 노래 원 곡 영화 속 노래 얼씬 좋,1
819,8970443,소재 굉장히 하,1
820,8870035,내 사랑 키아누 리브스,1
821,9969587,두말 하 나위 없이 최고 작품 인생 대하 생각 하 보 하 깊이 있 영화 출연진 제작진 크 박수 보내,1
822,7666606,솔직히 산 하 하,0
823,2176436,말 필요 없 성룡 영화 에선 언가 것 느끼 수 있,1
824,10018117,화학 하 그런지 재 잇 옆 친구 중간 중간 노 이해 나중 해석 재 잇 수,1
825,8033328,아직 준비 되 않 젊 영화인 여 함부로 장편 손대 마라 천천히 공부 하 나오,0
826,7088731,으 엉 간 만 추억 돋 보 사실 원작 자체 두서 없이 전개 되 영화감독 내용 앞뒤 없이 막 자르 정신없 배우 책 읽 특히 대사 그대로 살리 거 리오 링 간 만 소설 읽,0
827,4883754,개 쓰레기 같 것 감히 파라노 팔아먹,0
828,9942955,기억 조작 되 마련 사람 하 부러 말 하 말,1
829,9466607,재밌 보 그저 문헌 적히 문란 하 사도 세자 정조 아버지 그릇 정도 잘 보이 주 작품 싶 시나리오 시나리오 지만 배우 연기 일품,1
830,8933491,휴일 낮 침대 눕 티 비보 영화 채널 틀 주 어쩌 수 없이 보 나중 벌떡 앉 보 영화 완전 몰입 되 나름 스토리 하 해리슨 포드 다운 액션 좋 영화 광도 영화 평론 가도 영화 자주 보 일반 남자 사람,1
831,5844083,절제 미학 지루함 극치 되 버리 안타 갑,0
832,3674831,영화관 보 돈 아깝 솔직히 재미없,0
833,1736999,인간 하 보이 주 싶 방법 말 방법 충분 있 텐 데,0
834,9845902,정말 사랑 대하 다시 생각 하 거 같 감동,0
835,7406758,내용 교육 정말 하,0
836,9121447,꿀 재 특히 소유 서인 영 매력 터지,1
837,7988084,태어나 보 영화 중 제일 재미 없,0
838,6880550,화면 흑백 바꾸 하 50년대 작,0
839,9759719,쇼핑몰 안 찍 너무 재미 없 하 내용 없,0
840,2288547,진짜 쓰레기 영화 돈 아깝 죽 주 알 여러분 보 마 세,0
841,468899,두근두근 익스트림 자체,1
842,9736192,폭력 영화 자극 실험 예술,0
843,9304503,일본 영화 하 건 느끼 건 가요 수트 입 미남 변하 마지막 평생 입 구 권유 받 창조 이렇 중복 되 수 있 누 걸 잘 모르 여,0
844,9231599,진짜 이렇 재미 없 감동 없 영화 처음 특히 박사 발 인물 컴퓨터 하 때 손 찍 키보드 누르 않 컴퓨터 화면 똑같 파트 무한 반복 되 허 접하 너무 허 접하 배우 연기 개떡,0
845,5657638,최고 농촌 드라마,1
846,8239718,독립 영화 실력자 스타 리그 옴니버스 피로감 극복 되 수준 다 얼음 강 단독 장편 만들 좋 듯 주인공 혹 여 평 소라면 공감 안 되 여호와의 증인 납득 되 정도 감정 설득 하 솜씨 하,1
847,9147374,좀비 좀비 그렇 좀비 우주 아름답 미치 버리 인간 뿐 충분히 하 일,1
848,9788286,개 재미없 막장 스토리 거지,0
849,502971,흠잡 것 없 최고,1
850,8837036,좋 영화,1
851,3059926,탁재훈 나오 재밌 데 지 스토리 중반 너무 치 지 약하 약하 약하 지겹 주 알,0
852,4009568,서스펜스 없 스릴 없,0
853,3044091,우리나라 정서 하 안 맞,0
854,4161935,서 많이 보 흔하 스토리,0
855,8535856,최고 드라마,1
856,9848292,모두 누 군가 섬,1
857,1389397,힘 알 없 주인공 맥 다 빠지,0
858,8014926,너무 너무 귀 울 영화,1
859,518874,전형 일본 식 엽기 괴짜 코 메 하 끌리 건 왜 지,0
860,6428636,오 점 이상 주 사람 지 나루토 극장판 중 가장 쓰,0
861,4008401,하 노력 보상 받 마련 다 나름 일정 성취 있 좋 결실 거두 작품,0
862,7494798,아씨 울,1
863,5954884,기적 이미 일어나,1
864,9718518,아이들 함께 보 좋 그냥,0
865,4492202,전율 느끼,1
866,6940155,여기저기 하 내용 기적 사람 역겹 연애 사 마지막 갈수록 시청률 안 나오 막 가 겨 쓰 내용,0
867,8662240,별로 완전 마지막 빼 넘 하 재미없,0
868,9924896,세월 지나 다시 보니 하 다르 공감 하 사람 가슴속 명작 남 듯,1
869,8607739,아이들 보 좋,0
870,7081837,보 선정 좀 세 같 그래도 액션 좋,1
871,8672382,카타르시스 느끼 하 값지 영화,1
872,5838594,여주 린 제이 로 닮 전체 분위기 배경 좋 내용 하,0
873,8747250,솔로 가 영화 보 마 세,0
874,8893010,남이 차 안 전화 통화 하 걸 90분 가까이 구경 하 있 폰부스 명작 생각 하 영화 진짜 장난 하,0
875,4063053,전형 저질 영화,0
876,1964094,답 알 하 마라,1
877,3748749,재미 잇 매우,1
878,7236510,진짜 잘 만들 수작,1
879,10110553,제발 좀 찍 주 현기증 나 말,1
880,3889299,너무나 하 마음 하 지 번 쯤 자신 되돌아보 만들 영화,1
881,3551150,조금 부족 하 영화 놀 키 확 놀 하 덜,0
882,9855967,거 참 소재 참 좋 내용 전개 개판 사람 수 많 총 있 지 서로 다 흩어지 일방 밀리 식인종 표현 좀비 하 놓 어쩌 거 야 식인 인해 인성 말살 되 짐승 되 표현 있,0
883,6607633,포스터 하 13구역 이름 가지 쓰 영화 완전 졸 작 액션 신도 개 하 스토리 상하,0
884,10263072,대체 왜 재미없 거 지나 존 재밌 데,1
885,9135211,늑대들 여 정이 너무 낭만 애니 스토리 좋 음악 일본 애니 중 탑 뛰어나,1
886,8676753,미국 흑인 민권운동 사 완벽 하 요약 하,1
887,9798776,뛰어내리 않 어떻 되,1
888,9393658,점 대 나오 그냥 하 액션 공포물 긴장감 공포감 연출 음악 좋 년 지나 기억나 인상 좀비 물 평점 너무 짜 주,1
889,6890985,아역 연기 좋 내용 쓰레기,0
890,7060802,진짜 재미없 극장 보 거 없 스릴러 라 보 웃음 안 나오 다 혹시나 하 절대 보 마라 진짜 제발,0
891,8914565,평점 믿 말 셈 재밌,1
892,1318078,거 좋 놈 뭐 하 것,0
893,6825739,이 영화 냐 년대 영화 냐 쓰 들,0
894,9984617,믿 자,0
895,9132252,너무 구식 웃기 하 보 내내 지 겹,0
896,9612977,거 좋아하 사람 정신 세계 하,0
897,8200058,연예 현실 알리 하 마음 알 영화 재미 없 하 죽 뻔 하,0
898,3527577,아주 재미있 책 보 정말 재미있,1
899,3656988,끝내 주 재밌,1
900,6584219,동영상 돈 내 보 게 낫 생각 들 영화,0
901,4919409,아쉽 점 있 스토리 맞 분위기 배경 지하철 기관사 삶 등 잘 묘사,1
902,8466409,스타워즈 편 맞 떨어지 잘 만들 영화 최고 에피소드 다스 베이더 탄생 운명 알 수 있 레전드,1
903,8116113,소희 귀엽 귀엽 졸 귀,1
904,3436810,소문나 잔치 호화 캐스팅 먹 건 없,0
905,2074725,주성치 영화 최고 졸 작,0
906,10181517,구우 우 웃,1
907,3217546,딱히 흠잡 것 두근거리 것 없 교과서 플레이,0
908,9841078,영화 중심 역시 스토리 것 반전 반전 너무 재미있,1
909,9025696,이,1
910,4276245,참 재미있 연기 발 하 삼류 배우 얼굴 보,0
911,6020106,재밌,1
912,8705473,재밌 데,1
913,9810971,점 아깝 평 쓰 것 귀찮 보 내내 오 글 걸 손발 사라지 주 알,0
914,7852536,기대 안 하 보 영화 보 내내 몰입 하 재미있 보,1
915,8386647,하 스릴러 요소 잘 어울리 지 명작 후속작 보다 훨씬 매력 있 두 두 간직 하 두 꺼내 보 싶 영화,1
916,39563,좋 괜찮,1
917,7772563,명작 너무 좋 드라마 스토리 캐스팅 연기 음악 연출 모두 완벽 하,1
918,5725103,괜찮 영화 영화 괜찮 영 언니 완전 예쁘,1
919,7462757,일단 재미있 고래 마리 국가 호들갑 떨 게 오버 스럽 모습 모두 돕 가 살 하 지구의 생명 메세지 참으로 감동,1
920,8868808,지금 첨 보 회 보 보 하 보 주말 밤새 완주 하 여운 많이 남 드라마,1
921,6933426,애니메이션 뮬란 아쉽 전쟁 씨 그렇 연기 그렇 이야기 그렇 그저 그러,0
922,10111771,기대 않 하 보 앗 진짜 내용 좋 재미 있,1
923,493092,좋,1
924,1132815,슬프 맑 파문 주목 하,1
925,10102549,김윤진 좋아하,1
926,2110412,,1
927,10138191,무리수 되 버리 코미디 기획 상품,0
928,7457162,나 홀로 집 오 더불 최고 영화,1
929,9167250,떠오르 옛날 국산 애니 돈 악몽,0
930,8404879,완전 역겹 쓰레기 영화 다 기술 수준 떠나 각본 개념,0
931,2422271,고결 신사 짓 하 시,1
932,7530240,개안 음,1
933,9991915,보 내내 너무너무 재미있,1
934,9988760,김소현 너무 재밌,1
935,2615698,삐 흑인 남자 싸우 때 재미있 아웃 겨,1
936,7684164,유럽 영화 이번 정부 많이 들어오 즐겁 하 내용 왜 리 하 걸 유럽 영화 욕 되 하 있 소리,0
937,10020563,왜 하 허 접 영화 재미있 보 이건 도 넘 서,0
938,2497690,삶 죽음 대하 왈가왈부 하 없,1
939,8906022,굿 굿 굿 또 하 또 하 제발,1
940,4133147,주님 부르 제가 여 기 있,1
941,9436392,미성년자 돈 많 아저씨 순결 바치 데 후 결국 정신 차리 공부 하 거 명문대 하 결말,0
942,9840716,정말 재밌 보 빈센트 꼬마 연기 너무 잘 하,1
943,6170546,솔직히 원작 훨씬 낫 원작 인간 말 못하 설정 하 놓,1
944,5383358,말 필요 없 진심 개 재밌,1
945,10208479,보 양반 다 세포 소녀 감독,0
946,4761480,굿 잡 친구 또 보 싶,1
947,8180877,재미 진짜 흥하 근데 새끼 관 종,1
948,9320316,야경 엉망 지루함,0
949,9661317,예원 찡 그만 울,1
950,9444015,년 동안 보 영화 통틀 최악 영화 시간 남아돌 때 보 시간 아깝 역대 급 쓰레기 영화,0
951,7301394,감동 다 참고 영화 보 신분 마지막 엔 딩 부분 자막 나오 부분 잇 이 영화상 실화 거지 진짜 레알 현재 실제로 실화 말 아니 전지현 피디 잔 다 큐 찍 거 다 큐 엔 딩 장면 지 진짜 실제 아니 여,1
952,8059949,달 기지 미 니어 치 티 팍팍 나 보 주 알 혹시 특수 효과 감독 심형래,0
953,8051141,재미 드럽 없,0
954,9146376,르 게이 작은 고추 맵 맛 보이 주,0
955,9413155,정여립 정철 기 축 옥사 스토리 하 좋 배우 연기 참 잘 하 남녀 주인공 케미 좋 챙기 보 수 밖 없 드라마,1
956,8007833,개 영화 내용 없 그냥 하 만들 영화,0
957,8557767,개 줄 하 알바 많 아 후 보 거 없 채널 돌리 다시 데 돌리 만들,0
958,9136302,왜 점 주 수 없,0
959,8657974,영화사 남 작품 실험 영화 완성 보,1
960,9111762,자식 그렇 때리,0
961,8929395,이 대체 내용,0
962,7339744,다 점 처 먹 게 점 급 이건 점 내용 결말 살 살 딴,0
963,9445949,감동 좋,1
964,9830821,초반 개 재미 없 보 점점 어질 외계인 알 에일리언 나오 외계인 아니야,1
965,9602598,쇼핑백 잊히 지 않,0
966,4085435,의도 좋 너무 몰입 안 되 걸 떡 하,0
967,7404128,하 가볍 보 만 하,0
968,7628876,하 색채 때문 눈 아프 나름 연예 여자 욕망 대하 표현 하 내 거 같 보 내내 진짜 리 리코 심정 가지 연예 있 거 같 번 보 못하 알 못하 사람 날 어떻 사랑 하 대사 나오 때 소름 돋 연예인 많 사랑 받 참 하 듯,1
969,3889736,보 수 OO 이 지나 아직 하 고양이 귀신 복수 진짜 무섭,1
970,4070437,영상 대학교 졸업 작품 같 그렇 꽤 많 걸 담 놓 영화 하,1
971,9445843,최강 차 부대,0
972,7991350,진짜 어이 없 소재 생각 하 보 개 남자 솔직히 조금 부럽 수 있,1
973,8825761,전기세 아깝,0
974,10251900,초등학교 때 선생님 보이 주 영화 시간 흐르 기억나 건 에이즈 걸리 남자 아이와 운동화 그때 보 영화 하 영화 바로 굿바 이마이 프렌드 년 전 년 후 명작 시간 흐르 명작,1
975,4202224,넘 재밌,1
976,4726967,설리 년 년대 영화 어떻 나 지,1
977,5466870,샷 연결 충돌 만큼 하 제목 또한 인상 구려,1
978,6077451,재미없,0
979,9469311,오오 나 여태 맷 데이먼 최고 영화 본 얼티메이텀 라이언 일병 구하기 뿐 주 알 굿 위 헌팅 당,1
980,9726724,이야기 자체 흥미 끌 못하,0
981,7285074,날 로그인 하 만들 청춘 여 영원 하,1
982,6236997,정 언니 짱 와 재 잇,1
983,7558359,영상 미 예쁘 좋 러닝 타임 시간 넘 초반 분 줄거리 다 나가 엄청 하 화보집 보 기분 일본 영화 특유 하 못하 하 있,0
984,7252691,스토리 연결 전혀 안 되 편집 하 끼우 맞추 드라마 말 먹 작품,0
985,8789344,여자 주인공 예뻐서 끝 보,0
986,247661,지구를 지켜라 혹 작품 보 만들 건,1
987,10263063,저렇 힘들 영화 만들 데 왜 한국 영화 다 쓰레기 냐,0
988,6831499,살 있 미장센 하 이야기 몰입 있 불필요 하 샷 존재 하 않 노인을 위한 나라는 없다 먼저 보 코 감독 매력 영화 만들 멋있 사람,1
989,474835,마지막 좀 하 좋 영화,1
990,3279841,우연히 돌리 보 사로잡히 최근 10년 간 보 코미디 영화 중 최고,1
991,8407277,열 기 굿 화이팅 해 요 누나,1
992,9673323,마이클 베이 최근 작 보 때 느끼 다 블록버스터 액션 장르 하 시나리오 영화 필수 것 그리고 기대 하 메 간 폭스 늙,0
993,8121444,점 없 점 너무 후 하네,0
994,10275296,미달 연예 바라보 태도 고치 하,0
995,6473973,파괴 되 관객,0
996,8417568,알콜 중독자 덕 평점 낮,1
997,7126211,중견 배우 만들 놓 긴장감 나름 긴장감 있 싸우 보 하 도 술사 의하 웃음 나오,0
998,8379556,남자 주인공 늑대 인간 변하 끝나 유 평점 보 안 보 하 보 디 재밌 유 실물 특수 효과 더 보 재미 있 유 웃기 하네 유 디 제목 번역 바보 거 여 그냥 늑대 인간 않,1
999,9856453,정말 최고 명작 성인 되 보 이집트 왕자 또 감동 자체,1
